model,MAE,RMSE,R2
LinearRegression,4.8323055155477323e-14,6.183877929581864e-14,1.0
